<?xml version="1.0" encoding="utf-8"?><feed xmlns="http://www.w3.org/2005/Atom" ><generator uri="https://jekyllrb.com/" version="4.2.0">Jekyll</generator><link href="/feed.xml" rel="self" type="application/atom+xml" /><link href="/" rel="alternate" type="text/html" /><updated>2021-09-15T19:06:46+02:00</updated><id>/feed.xml</id><title type="html">Especialista en Inteligencia Artificial y Big Data</title><subtitle>Web estática de ejemplo para colgar en S3</subtitle><entry><title type="html">Bienvenido a la web estática en S3</title><link href="/aws/s3/2021/09/15/web-estatica-s3.html" rel="alternate" type="text/html" title="Bienvenido a la web estática en S3" /><published>2021-09-15T18:31:57+02:00</published><updated>2021-09-15T18:31:57+02:00</updated><id>/aws/s3/2021/09/15/web-estatica-s3</id><content type="html" xml:base="/aws/s3/2021/09/15/web-estatica-s3.html">&lt;p&gt;La web estática está hecha con Jekyll, que permite poner fragmentos de código:&lt;/p&gt;

&lt;figure class=&quot;highlight&quot;&gt;&lt;pre&gt;&lt;code class=&quot;language-ruby&quot; data-lang=&quot;ruby&quot;&gt;&lt;span class=&quot;k&quot;&gt;def&lt;/span&gt; &lt;span class=&quot;nf&quot;&gt;print_hi&lt;/span&gt;&lt;span class=&quot;p&quot;&gt;(&lt;/span&gt;&lt;span class=&quot;nb&quot;&gt;name&lt;/span&gt;&lt;span class=&quot;p&quot;&gt;)&lt;/span&gt;
  &lt;span class=&quot;nb&quot;&gt;puts&lt;/span&gt; &lt;span class=&quot;s2&quot;&gt;&quot;Hi, &lt;/span&gt;&lt;span class=&quot;si&quot;&gt;#{&lt;/span&gt;&lt;span class=&quot;nb&quot;&gt;name&lt;/span&gt;&lt;span class=&quot;si&quot;&gt;}&lt;/span&gt;&lt;span class=&quot;s2&quot;&gt;&quot;&lt;/span&gt;
&lt;span class=&quot;k&quot;&gt;end&lt;/span&gt;
&lt;span class=&quot;n&quot;&gt;print_hi&lt;/span&gt;&lt;span class=&quot;p&quot;&gt;(&lt;/span&gt;&lt;span class=&quot;s1&quot;&gt;&apos;Tom&apos;&lt;/span&gt;&lt;span class=&quot;p&quot;&gt;)&lt;/span&gt;
&lt;span class=&quot;c1&quot;&gt;#=&amp;gt; prints &apos;Hi, Tom&apos; to STDOUT.&lt;/span&gt;&lt;/code&gt;&lt;/pre&gt;&lt;/figure&gt;

&lt;p&gt;Y el texto se escribe utilizando markdown.&lt;/p&gt;</content><author><name></name></author><category term="aws" /><category term="s3" /><summary type="html">La web estática está hecha con Jekyll, que permite poner fragmentos de código:</summary></entry><entry><title type="html">Segundo post</title><link href="/aws/s3/2021/08/16/otro-post.html" rel="alternate" type="text/html" title="Segundo post" /><published>2021-08-16T18:31:57+02:00</published><updated>2021-08-16T18:31:57+02:00</updated><id>/aws/s3/2021/08/16/otro-post</id><content type="html" xml:base="/aws/s3/2021/08/16/otro-post.html">&lt;p&gt;Este es otro post. Se pueden poner &lt;strong&gt;negritas&lt;/strong&gt; y &lt;em&gt;cursivas&lt;/em&gt;.&lt;/p&gt;

&lt;p&gt;Las listas también funcionan:&lt;/p&gt;

&lt;ul&gt;
  &lt;li&gt;Big Data&lt;/li&gt;
  &lt;li&gt;Inteligencia Articial&lt;/li&gt;
&lt;/ul&gt;</content><author><name></name></author><category term="aws" /><category term="s3" /><summary type="html">Este es otro post. Se pueden poner negritas y cursivas.</summary></entry></feed>